Final Energy,Filename,GJ,kWh
1,72 Oceanic,49.4224307484057,13728.4529856683
2,185 Leslie,31.1702052652111,8658.39035144754
