identity,Bias,W1,W2,W3,W4,W5,W6,W7,W8,W9
83,-0.29669,0.58603,0.73478,-0.26153,0.31178,-0.82135,-0.15511,0.29507,-0.6247,0.20779
