Final Energy,Filename,GJ,kWh
1,72 Oceanic,23.4159656848517,6504.4349124588
2,185 Leslie,19.4389445789597,5399.70682748881
