Final Energy,Filename,GJ,kWh
1,72 Oceanic,49.5035560556937,13750.9877932483
2,185 Leslie,31.1702052652111,8658.39035144754
