Final Energy,Filename,GJ,kWh,,,,,,
1,72 Oceanic,23.41596568,6504.434912,,,,,,
2,185 Leslie,19.43894458,5399.706827,,,,,,
,,,,,,,,,
,,,,,,,,,
,,,,,,,,,
,,,,,,,,,
,,,,,,,,,
,,,,,GJ,GJ water,kJ water,L,L/day
,,,,,10,7.5,7500000,35885.16746,98.3155273
,,,,,40,30,30000000,143540.6699,393.2621092
,,,,,25,18.75,18750000,89712.91866,245.7888182
