logistic,Bias,W1,W2
31,0.08948,0.3869,0.19933
