Final Energy,Filename,GJ,kWh
1,72 Oceanic,81.3414397959507,22594.8443877641
2,185 Leslie,93.6123212199767,26003.4225611046
